id,title,slug,url,published_at,tags,page_views_count,public_reactions_count,comments_count,reading_time_minutes,total_views,total_reactions,top_referrers,collected_at
3960057,"Detecting Which AI Chat Platform You're On: URL and DOM Patterns for ChatGPT, Claude, Gemini, and Copilot","detecting-which-ai-chat-platform-youre-on-url-and-dom-patterns-for-chatgpt-claude-gemini-and-3fkp","https://dev.to/ktg0215/detecting-which-ai-chat-platform-youre-on-url-and-dom-patterns-for-chatgpt-claude-gemini-and-3fkp","2026-06-30T16:25:30.693Z","",14,1,0,4,{"total":14,"average_read_time_in_seconds":484,"total_read_time_in_seconds":6776},{"total":1,"like":1,"readinglist":0,"unicorn":0,"exploding_head":0,"raised_hands":0,"fire":0,"unique_reactors":1},"google.com(10), (4)","2026-07-06"
3960056,"Maintaining State Across Separate Screenshots: How Procshot Sequences Steps Automatically","maintaining-state-across-separate-screenshots-how-procshot-sequences-steps-automatically-10k7","https://dev.to/ktg0215/maintaining-state-across-separate-screenshots-how-procshot-sequences-steps-automatically-10k7","2026-06-29T16:54:52.515Z","",11,0,0,4,{"total":11,"average_read_time_in_seconds":15,"total_read_time_in_seconds":165},{"total":0,"like":0,"readinglist":0,"unicorn":0,"exploding_head":0,"raised_hands":0,"fire":0,"unique_reactors":0},"(11)","2026-07-06"
3960053,"How to Detect Which Font Is Actually Rendering in a Browser (Not Just the CSS Stack)","how-to-detect-which-font-is-actually-rendering-in-a-browser-not-just-the-css-stack-12cd","https://dev.to/ktg0215/how-to-detect-which-font-is-actually-rendering-in-a-browser-not-just-the-css-stack-12cd","2026-06-27T15:17:35.963Z","",53,2,1,4,{"total":53,"average_read_time_in_seconds":317,"total_read_time_in_seconds":16801},{"total":2,"like":2,"readinglist":0,"unicorn":0,"exploding_head":0,"raised_hands":0,"fire":0,"unique_reactors":2},"(31), duckduckgo.com(10), google.com(10), dev.to(2)","2026-07-06"
3960033,"Scraping Prices Without an API: Chrome Content Script Patterns for Japanese E-Commerce","scraping-prices-without-an-api-chrome-content-script-patterns-for-japanese-e-commerce-13k8","https://dev.to/ktg0215/scraping-prices-without-an-api-chrome-content-script-patterns-for-japanese-e-commerce-13k8","2026-06-24T16:22:13.556Z","",16,2,1,4,{"total":16,"average_read_time_in_seconds":63,"total_read_time_in_seconds":1008},{"total":3,"like":2,"readinglist":1,"unicorn":0,"exploding_head":0,"raised_hands":0,"fire":0,"unique_reactors":2},"0.1(10), dev.to(2)","2026-07-06"
3960060,"Browser Scroll Restoration Is Broken on SPAs. Here's How a Chrome Extension Fixes It.","browser-scroll-restoration-is-broken-on-spas-heres-how-a-chrome-extension-fixes-it-578p","https://dev.to/ktg0215/browser-scroll-restoration-is-broken-on-spas-heres-how-a-chrome-extension-fixes-it-578p","2026-06-22T06:45:33.869Z","",31,1,0,4,{"total":31,"average_read_time_in_seconds":15,"total_read_time_in_seconds":465},{"total":1,"like":1,"readinglist":0,"unicorn":0,"exploding_head":0,"raised_hands":0,"fire":0,"unique_reactors":1},"(30), dev.to(1)","2026-07-06"
3960038,"5 Cookie Tricks for Debugging Auth Issues in Chrome (No More Creating Test Accounts)","5-cookie-tricks-for-debugging-auth-issues-in-chrome-no-more-creating-test-accounts-43b5","https://dev.to/ktg0215/5-cookie-tricks-for-debugging-auth-issues-in-chrome-no-more-creating-test-accounts-43b5","2026-06-22T06:42:49.045Z","",28,3,0,4,{"total":28,"average_read_time_in_seconds":36,"total_read_time_in_seconds":1008},{"total":3,"like":3,"readinglist":0,"unicorn":0,"exploding_head":0,"raised_hands":0,"fire":0,"unique_reactors":3},"dev.to(12)","2026-07-06"
3956606,"Browser Scroll Restoration Is Broken on SPAs. Here's How a Chrome Extension Fixes It.","browser-scroll-restoration-is-broken-on-spas-heres-how-a-chrome-extension-fixes-it-53j5","https://dev.to/ktg0215/browser-scroll-restoration-is-broken-on-spas-heres-how-a-chrome-extension-fixes-it-53j5","2026-06-21T15:54:21.030Z","",20,0,0,4,{"total":20,"average_read_time_in_seconds":0,"total_read_time_in_seconds":0},{"total":0,"like":0,"readinglist":0,"unicorn":0,"exploding_head":0,"raised_hands":0,"fire":0,"unique_reactors":0},"(20)","2026-07-06"
3956584,"5 Cookie Tricks for Debugging Auth Issues in Chrome (No More Creating Test Accounts)","5-cookie-tricks-for-debugging-auth-issues-in-chrome-no-more-creating-test-accounts-1ol3","https://dev.to/ktg0215/5-cookie-tricks-for-debugging-auth-issues-in-chrome-no-more-creating-test-accounts-1ol3","2026-06-21T15:51:36.814Z","",46,0,0,4,{"total":46,"average_read_time_in_seconds":455,"total_read_time_in_seconds":20930},{"total":0,"like":0,"readinglist":0,"unicorn":0,"exploding_head":0,"raised_hands":0,"fire":0,"unique_reactors":0},"(45), inoreader.com(1)","2026-07-06"
3949948,"5 Cookie Tricks for Debugging Auth Issues in Chrome (No More Creating Test Accounts)","5-cookie-tricks-for-debugging-auth-issues-in-chrome-no-more-creating-test-accounts-oi4","https://dev.to/ktg0215/5-cookie-tricks-for-debugging-auth-issues-in-chrome-no-more-creating-test-accounts-oi4","2026-06-20T15:45:37.081Z","",12,0,0,4,{"total":12,"average_read_time_in_seconds":30,"total_read_time_in_seconds":360},{"total":0,"like":0,"readinglist":0,"unicorn":0,"exploding_head":0,"raised_hands":0,"fire":0,"unique_reactors":0},"(12)","2026-07-06"
3941959,"5 Cookie Tricks for Debugging Auth Issues in Chrome (No More Creating Test Accounts)","5-cookie-tricks-for-debugging-auth-issues-in-chrome-no-more-creating-test-accounts-h26","https://dev.to/ktg0215/5-cookie-tricks-for-debugging-auth-issues-in-chrome-no-more-creating-test-accounts-h26","2026-06-19T16:31:57.370Z","",19,0,0,4,{"total":19,"average_read_time_in_seconds":63,"total_read_time_in_seconds":1197},{"total":0,"like":0,"readinglist":0,"unicorn":0,"exploding_head":0,"raised_hands":0,"fire":0,"unique_reactors":0},"instagram.com(10)","2026-07-06"
3918164,"I Built a Clipboard History Extension. chrome.storage Hit Its Limit. Here's What I Learned.","i-built-a-clipboard-history-extension-chromestorage-hit-its-limit-heres-what-i-learned-4o6g","https://dev.to/ktg0215/i-built-a-clipboard-history-extension-chromestorage-hit-its-limit-heres-what-i-learned-4o6g","2026-06-17T16:54:24.542Z","",0,0,0,5,{"total":0,"average_read_time_in_seconds":0,"total_read_time_in_seconds":0},{"total":0,"like":0,"readinglist":0,"unicorn":0,"exploding_head":0,"raised_hands":0,"fire":0,"unique_reactors":0},"","2026-07-06"
3527737,"Auto-Block Focus Time in Google Calendar — Building a Schedule-Based Chrome Extension","auto-block-focus-time-in-google-calendar-building-a-schedule-based-chrome-extension-4h1d","https://dev.to/ktg0215/auto-block-focus-time-in-google-calendar-building-a-schedule-based-chrome-extension-4h1d","2026-06-16T18:29:36.869Z","",22,0,0,3,{"total":22,"average_read_time_in_seconds":23,"total_read_time_in_seconds":506},{"total":0,"like":0,"readinglist":0,"unicorn":0,"exploding_head":0,"raised_hands":0,"fire":0,"unique_reactors":0},"(22)","2026-07-06"
3532587,"I Built a Visa Requirement Overlay for Google Flights — Here's How the Chrome Extension Works","i-built-a-visa-requirement-overlay-for-google-flights-heres-how-the-chrome-extension-works-20o7","https://dev.to/ktg0215/i-built-a-visa-requirement-overlay-for-google-flights-heres-how-the-chrome-extension-works-20o7","2026-06-09T16:32:24.709Z","",28,0,0,3,{"total":28,"average_read_time_in_seconds":248,"total_read_time_in_seconds":6944},{"total":0,"like":0,"readinglist":0,"unicorn":0,"exploding_head":0,"raised_hands":0,"fire":0,"unique_reactors":0},"(20), newsblur.com(8)","2026-07-06"
3807077,"Building a Japanese-First Subscription Tracker PWA (Next.js 15 + Supabase + Serwist)","building-a-japanese-first-subscription-tracker-pwa-nextjs-15-supabase-serwist-jng","https://dev.to/ktg0215/building-a-japanese-first-subscription-tracker-pwa-nextjs-15-supabase-serwist-jng","2026-06-03T03:26:03.983Z","",0,0,0,4,{"total":0,"average_read_time_in_seconds":0,"total_read_time_in_seconds":0},{"total":0,"like":0,"readinglist":0,"unicorn":0,"exploding_head":0,"raised_hands":0,"fire":0,"unique_reactors":0},"","2026-07-06"
3550215,"Auto-Replay Lecture Segments in Your Browser — Building a Chrome Extension for Focused Learning","auto-replay-lecture-segments-in-your-browser-building-a-chrome-extension-for-focused-learning-3g6j","https://dev.to/ktg0215/auto-replay-lecture-segments-in-your-browser-building-a-chrome-extension-for-focused-learning-3g6j","2026-06-02T18:06:27.793Z","",12,0,0,3,{"total":12,"average_read_time_in_seconds":45,"total_read_time_in_seconds":540},{"total":0,"like":0,"readinglist":0,"unicorn":0,"exploding_head":0,"raised_hands":0,"fire":0,"unique_reactors":0},"","2026-07-06"
3772215,"Building a Japanese-First Read-Later PWA: From Pocket Shutdown to Launch","building-a-japanese-first-read-later-pwa-from-pocket-shutdown-to-launch-4lcm","https://dev.to/ktg0215/building-a-japanese-first-read-later-pwa-from-pocket-shutdown-to-launch-4lcm","2026-05-28T15:31:28.523Z","",2,0,1,2,{"total":2,"average_read_time_in_seconds":45,"total_read_time_in_seconds":90},{"total":0,"like":0,"readinglist":0,"unicorn":0,"exploding_head":0,"raised_hands":0,"fire":0,"unique_reactors":0},"","2026-07-06"
3532590,"I Applied SLA Concepts to My Email Inbox — Here's What I Learned Building the Chrome Extension","i-applied-sla-concepts-to-my-email-inbox-heres-what-i-learned-building-the-chrome-extension-3dmh","https://dev.to/ktg0215/i-applied-sla-concepts-to-my-email-inbox-heres-what-i-learned-building-the-chrome-extension-3dmh","2026-05-26T17:27:53.438Z","",0,0,0,3,{"total":0,"average_read_time_in_seconds":0,"total_read_time_in_seconds":0},{"total":0,"like":0,"readinglist":0,"unicorn":0,"exploding_head":0,"raised_hands":0,"fire":0,"unique_reactors":0},"","2026-07-06"
3550210,"190 Countries, Zero API Calls: Shipping Static Data in a Chrome Extension","190-countries-zero-api-calls-shipping-static-data-in-a-chrome-extension-597i","https://dev.to/ktg0215/190-countries-zero-api-calls-shipping-static-data-in-a-chrome-extension-597i","2026-05-23T15:01:23.798Z","",20,0,0,3,{"total":20,"average_read_time_in_seconds":0,"total_read_time_in_seconds":0},{"total":0,"like":0,"readinglist":0,"unicorn":0,"exploding_head":0,"raised_hands":0,"fire":0,"unique_reactors":0},"","2026-07-06"
3710733,"How to detect ghost jobs in 2026 — a developer's guide","how-to-detect-ghost-jobs-in-2026-a-developers-guide-3ckd","https://dev.to/ktg0215/how-to-detect-ghost-jobs-in-2026-a-developers-guide-3ckd","2026-05-20T16:52:37.077Z","",28,2,0,7,{"total":28,"average_read_time_in_seconds":105,"total_read_time_in_seconds":2940},{"total":2,"like":2,"readinglist":0,"unicorn":0,"exploding_head":0,"raised_hands":0,"fire":0,"unique_reactors":2},"google.com(20), (6), dev.to(2)","2026-07-06"
3550213,"Ghost Jobs Are Wasting Your Time — I Built a Chrome Extension to Detect Them","ghost-jobs-are-wasting-your-time-i-built-a-chrome-extension-to-detect-them-1pm6","https://dev.to/ktg0215/ghost-jobs-are-wasting-your-time-i-built-a-chrome-extension-to-detect-them-1pm6","2026-05-19T16:51:32.034Z","",32,0,0,4,{"total":32,"average_read_time_in_seconds":30,"total_read_time_in_seconds":960},{"total":0,"like":0,"readinglist":0,"unicorn":0,"exploding_head":0,"raised_hands":0,"fire":0,"unique_reactors":0},"claude.ai(11)","2026-07-06"
3694892,"How to Avoid Chrome Web Store 'Red Nickel' Rejection: What I Found After Auditing 18 Extensions","how-to-avoid-chrome-web-store-red-nickel-rejection-what-i-found-after-auditing-18-extensions-gbg","https://dev.to/ktg0215/how-to-avoid-chrome-web-store-red-nickel-rejection-what-i-found-after-auditing-18-extensions-gbg","2026-05-19T16:50:36.487Z","",22,0,0,5,{"total":22,"average_read_time_in_seconds":113,"total_read_time_in_seconds":2486},{"total":0,"like":0,"readinglist":0,"unicorn":0,"exploding_head":0,"raised_hands":0,"fire":0,"unique_reactors":0},"claude.ai(1)","2026-07-06"
3550214,"Detecting YouTube SPA Navigation in a Chrome Extension Content Script","detecting-youtube-spa-navigation-in-a-chrome-extension-content-script-2fi8","https://dev.to/ktg0215/detecting-youtube-spa-navigation-in-a-chrome-extension-content-script-2fi8","2026-05-14T16:11:12.383Z","",34,0,1,3,{"total":34,"average_read_time_in_seconds":109,"total_read_time_in_seconds":3706},{"total":0,"like":0,"readinglist":0,"unicorn":0,"exploding_head":0,"raised_hands":0,"fire":0,"unique_reactors":0},"(33), bing.com(1)","2026-07-06"
3550218,"I Built a Price History Tracker for Japan's 4 Major E-Commerce Sites (Amazon.co.jp, Rakuten, Yahoo!, Mercari)","i-built-a-price-history-tracker-for-japans-4-major-e-commerce-sites-amazoncojp-rakuten-3f6c","https://dev.to/ktg0215/i-built-a-price-history-tracker-for-japans-4-major-e-commerce-sites-amazoncojp-rakuten-3f6c","2026-05-12T16:20:43.524Z","",30,0,0,4,{"total":30,"average_read_time_in_seconds":0,"total_read_time_in_seconds":0},{"total":0,"like":0,"readinglist":0,"unicorn":0,"exploding_head":0,"raised_hands":0,"fire":0,"unique_reactors":0},"google.com(20)","2026-07-06"
3515923,"I Built a Chrome Extension That Catches Japanese Ad Law Violations in Real Time","i-built-a-chrome-extension-that-catches-japanese-ad-law-violations-in-real-time-3ele","https://dev.to/ktg0215/i-built-a-chrome-extension-that-catches-japanese-ad-law-violations-in-real-time-3ele","2026-05-10T14:52:48.211Z","",21,1,0,3,{"total":21,"average_read_time_in_seconds":15,"total_read_time_in_seconds":315},{"total":1,"like":1,"readinglist":0,"unicorn":0,"exploding_head":0,"raised_hands":0,"fire":0,"unique_reactors":1},"dev.to(1)","2026-07-06"
3513448,"I Built a Chrome Extension That Remembers Where You Stopped Reading","i-built-a-chrome-extension-that-remembers-where-you-stopped-reading-1m5l","https://dev.to/ktg0215/i-built-a-chrome-extension-that-remembers-where-you-stopped-reading-1m5l","2026-05-10T09:00:00.000Z","",0,0,0,3,{"total":0,"average_read_time_in_seconds":0,"total_read_time_in_seconds":0},{"total":0,"like":0,"readinglist":0,"unicorn":0,"exploding_head":0,"raised_hands":0,"fire":0,"unique_reactors":0},"","2026-07-06"
3519735,"Building a Cookie Manager Chrome Extension: What I Learned From the MV3 Transition","building-a-cookie-manager-chrome-extension-what-i-learned-from-the-mv3-transition-3h95","https://dev.to/ktg0215/building-a-cookie-manager-chrome-extension-what-i-learned-from-the-mv3-transition-3h95","2026-05-08T15:22:08.737Z","",20,0,0,4,{"total":20,"average_read_time_in_seconds":0,"total_read_time_in_seconds":0},{"total":0,"like":0,"readinglist":0,"unicorn":0,"exploding_head":0,"raised_hands":0,"fire":0,"unique_reactors":0},"(20)","2026-07-06"
3482042,"Building a Cookie Editor Chrome Extension — Why I Built CookieJar After EditThisCookie Died","building-a-cookie-editor-chrome-extension-why-i-built-cookiejar-after-editthiscookie-died-4o00","https://dev.to/ktg0215/building-a-cookie-editor-chrome-extension-why-i-built-cookiejar-after-editthiscookie-died-4o00","2026-05-08T00:00:00.000Z","",32,0,0,3,{"total":32,"average_read_time_in_seconds":23,"total_read_time_in_seconds":736},{"total":0,"like":0,"readinglist":0,"unicorn":0,"exploding_head":0,"raised_hands":0,"fire":0,"unique_reactors":0},"dev.to(1)","2026-07-06"
3519745,"Real Numbers: Freemium Chrome Extension Monetization After 6 Months","real-numbers-freemium-chrome-extension-monetization-after-6-months-5hga","https://dev.to/ktg0215/real-numbers-freemium-chrome-extension-monetization-after-6-months-5hga","2026-05-06T16:03:03.390Z","",125,0,0,4,{"total":125,"average_read_time_in_seconds":543,"total_read_time_in_seconds":67875},{"total":0,"like":0,"readinglist":0,"unicorn":0,"exploding_head":0,"raised_hands":0,"fire":0,"unique_reactors":0},"google.com(10), dev.to(2), claude.ai(1)","2026-07-06"
3482041,"Monetizing Chrome Extensions with Freemium — Real Numbers from 7 Paid Extensions","monetizing-chrome-extensions-with-freemium-real-numbers-from-7-paid-extensions-5cj","https://dev.to/ktg0215/monetizing-chrome-extensions-with-freemium-real-numbers-from-7-paid-extensions-5cj","2026-05-06T00:00:00.000Z","",85,0,0,4,{"total":85,"average_read_time_in_seconds":33,"total_read_time_in_seconds":2805},{"total":0,"like":0,"readinglist":0,"unicorn":0,"exploding_head":0,"raised_hands":0,"fire":0,"unique_reactors":0},"(83), dev.to(1), google.com(1)","2026-07-06"
3519762,"Japan's Subscription Laws Changed in 2024. Here's How to Check Terms Instantly With AI.","i-built-a-chrome-extension-that-checks-japanese-subscription-terms-with-ai-1mkf","https://dev.to/ktg0215/i-built-a-chrome-extension-that-checks-japanese-subscription-terms-with-ai-1mkf","2026-05-05T16:00:45.780Z","",10,0,0,4,{"total":10,"average_read_time_in_seconds":0,"total_read_time_in_seconds":0},{"total":0,"like":0,"readinglist":0,"unicorn":0,"exploding_head":0,"raised_hands":0,"fire":0,"unique_reactors":0},"","2026-07-06"
3550212,"I Built a Chrome Extension That Auto-Fills Any Form — Encrypted, No Cloud","i-built-a-chrome-extension-that-auto-fills-any-form-encrypted-no-cloud-3l90","https://dev.to/ktg0215/i-built-a-chrome-extension-that-auto-fills-any-form-encrypted-no-cloud-3l90","2026-05-05T15:59:09.888Z","",10,0,0,3,{"total":10,"average_read_time_in_seconds":0,"total_read_time_in_seconds":0},{"total":0,"like":0,"readinglist":0,"unicorn":0,"exploding_head":0,"raised_hands":0,"fire":0,"unique_reactors":0},"","2026-07-06"
3513458,"I Built an AI-Powered Japanese Trade Law Compliance Checker as a Chrome Extension","i-built-an-ai-powered-japanese-trade-law-compliance-checker-as-a-chrome-extension-1bk8","https://dev.to/ktg0215/i-built-an-ai-powered-japanese-trade-law-compliance-checker-as-a-chrome-extension-1bk8","2026-05-05T09:00:00.000Z","",10,0,0,4,{"total":10,"average_read_time_in_seconds":0,"total_read_time_in_seconds":0},{"total":0,"like":0,"readinglist":0,"unicorn":0,"exploding_head":0,"raised_hands":0,"fire":0,"unique_reactors":0},"","2026-07-06"
3519755,"Manifest V3 Migration: The Gotchas Nobody Warned Me About","manifest-v3-migration-the-gotchas-nobody-warned-me-about-2imh","https://dev.to/ktg0215/manifest-v3-migration-the-gotchas-nobody-warned-me-about-2imh","2026-05-04T16:04:09.731Z","",112,0,0,4,{"total":112,"average_read_time_in_seconds":900,"total_read_time_in_seconds":100800},{"total":0,"like":0,"readinglist":0,"unicorn":0,"exploding_head":0,"raised_hands":0,"fire":0,"unique_reactors":0},"(102), google.com(10)","2026-07-06"
3482040,"Manifest V3 Migration Pitfalls — Lessons from 17 Chrome Extensions","manifest-v3-migration-pitfalls-lessons-from-17-chrome-extensions-2j3h","https://dev.to/ktg0215/manifest-v3-migration-pitfalls-lessons-from-17-chrome-extensions-2j3h","2026-05-04T00:00:00.000Z","",110,0,0,4,{"total":110,"average_read_time_in_seconds":69,"total_read_time_in_seconds":7590},{"total":1,"like":0,"readinglist":1,"unicorn":0,"exploding_head":0,"raised_hands":0,"fire":0,"unique_reactors":1},"bing.com(10), duckduckgo.com(10), dev.to(1)","2026-07-06"
3519739,"CWS Listing SEO: What Actually Moved the Needle After Publishing 18 Extensions","cws-listing-seo-what-actually-moved-the-needle-after-publishing-18-extensions-37i1","https://dev.to/ktg0215/cws-listing-seo-what-actually-moved-the-needle-after-publishing-18-extensions-37i1","2026-05-02T14:47:08.457Z","",44,0,0,4,{"total":44,"average_read_time_in_seconds":83,"total_read_time_in_seconds":3652},{"total":0,"like":0,"readinglist":0,"unicorn":0,"exploding_head":0,"raised_hands":0,"fire":0,"unique_reactors":0},"(44)","2026-07-06"
3482039,"Chrome Web Store SEO: How I Optimized 17 Extensions for Search","chrome-web-store-seo-how-i-optimized-17-extensions-for-search-2maj","https://dev.to/ktg0215/chrome-web-store-seo-how-i-optimized-17-extensions-for-search-2maj","2026-05-02T00:00:00.000Z","",69,1,0,4,{"total":69,"average_read_time_in_seconds":220,"total_read_time_in_seconds":15180},{"total":1,"like":1,"readinglist":0,"unicorn":0,"exploding_head":0,"raised_hands":0,"fire":0,"unique_reactors":1},"(34), google.com(21), claude.ai(12), dev.to(2)","2026-07-06"
3519738,"How I Cross-Promote 18 Chrome Extensions Without Annoying Users","how-i-cross-promote-18-chrome-extensions-without-annoying-users-1oa3","https://dev.to/ktg0215/how-i-cross-promote-18-chrome-extensions-without-annoying-users-1oa3","2026-04-30T15:48:07.005Z","",26,1,0,4,{"total":26,"average_read_time_in_seconds":665,"total_read_time_in_seconds":17290},{"total":1,"like":1,"readinglist":0,"unicorn":0,"exploding_head":0,"raised_hands":0,"fire":0,"unique_reactors":1},"yandex.ru(10), dev.to(1)","2026-07-06"
3482038,"I Added Cross-Promotion to 18 Chrome Extensions — Here's What Happened","i-added-cross-promotion-to-18-chrome-extensions-heres-what-happened-57ac","https://dev.to/ktg0215/i-added-cross-promotion-to-18-chrome-extensions-heres-what-happened-57ac","2026-04-30T00:00:00.000Z","",52,0,0,3,{"total":52,"average_read_time_in_seconds":60,"total_read_time_in_seconds":3120},{"total":0,"like":0,"readinglist":0,"unicorn":0,"exploding_head":0,"raised_hands":0,"fire":0,"unique_reactors":0},"dev.to(1)","2026-07-06"
3550219,"I Launched on Product Hunt, Got Zero Votes, and Did It Again Seven Weeks Later","i-launched-on-product-hunt-got-zero-votes-and-did-it-again-seven-weeks-later-ooa","https://dev.to/ktg0215/i-launched-on-product-hunt-got-zero-votes-and-did-it-again-seven-weeks-later-ooa","2026-04-29T15:58:32.150Z","",62,0,0,3,{"total":62,"average_read_time_in_seconds":30,"total_read_time_in_seconds":1860},{"total":0,"like":0,"readinglist":0,"unicorn":0,"exploding_head":0,"raised_hands":0,"fire":0,"unique_reactors":0},"(41), google.com(21)","2026-07-06"
3482018,"I Built a Focus Extension with Breathing Exercises Instead of Hard Blocks","i-built-a-focus-extension-with-breathing-exercises-instead-of-hard-blocks-13bh","https://dev.to/ktg0215/i-built-a-focus-extension-with-breathing-exercises-instead-of-hard-blocks-13bh","2026-04-28T16:08:44.169Z","",10,0,0,3,{"total":10,"average_read_time_in_seconds":0,"total_read_time_in_seconds":0},{"total":0,"like":0,"readinglist":0,"unicorn":0,"exploding_head":0,"raised_hands":0,"fire":0,"unique_reactors":0},"","2026-07-06"
3482021,"How to Block Distracting Sites — Free Chrome Extension with Breathing Exercises","how-to-block-distracting-sites-free-chrome-extension-with-breathing-exercises-38e8","https://dev.to/ktg0215/how-to-block-distracting-sites-free-chrome-extension-with-breathing-exercises-38e8","2026-04-28T00:00:00.000Z","",31,0,0,3,{"total":31,"average_read_time_in_seconds":15,"total_read_time_in_seconds":465},{"total":0,"like":0,"readinglist":0,"unicorn":0,"exploding_head":0,"raised_hands":0,"fire":0,"unique_reactors":0},"google.com(1)","2026-07-06"
3519744,"20 Developer Tools That Run in Your Browser — No Signup, No Server, No Tracking","i-built-20-free-browser-based-developer-tools-no-signup-no-server-no-tracking-157o","https://dev.to/ktg0215/i-built-20-free-browser-based-developer-tools-no-signup-no-server-no-tracking-157o","2026-04-26T14:43:49.222Z","",60,0,0,6,{"total":60,"average_read_time_in_seconds":392,"total_read_time_in_seconds":23520},{"total":1,"like":0,"readinglist":1,"unicorn":0,"exploding_head":0,"raised_hands":0,"fire":0,"unique_reactors":1},"dev.to(3)","2026-07-06"
3397773,"20 Free Developer Tools in Your Browser — No Signup Required","20-free-developer-tools-in-your-browser-no-signup-required-4jgj","https://dev.to/ktg0215/20-free-developer-tools-in-your-browser-no-signup-required-4jgj","2026-04-26T00:00:00.000Z","",0,0,0,1,{"total":0,"average_read_time_in_seconds":0,"total_read_time_in_seconds":0},{"total":0,"like":0,"readinglist":0,"unicorn":0,"exploding_head":0,"raised_hands":0,"fire":0,"unique_reactors":0},"","2026-07-06"
3519763,"TVer Has No Playback Speed Control. I Fixed It With a Chrome Extension.","i-built-a-chrome-extension-that-adds-playback-speed-and-picture-in-picture-to-japans-free-5bbo","https://dev.to/ktg0215/i-built-a-chrome-extension-that-adds-playback-speed-and-picture-in-picture-to-japans-free-5bbo","2026-04-24T15:11:00.889Z","",20,0,0,3,{"total":20,"average_read_time_in_seconds":0,"total_read_time_in_seconds":0},{"total":0,"like":0,"readinglist":0,"unicorn":0,"exploding_head":0,"raised_hands":0,"fire":0,"unique_reactors":0},"google.com(10)","2026-07-06"
3315270,"TVer Plus: Adding Playback Speed and PiP to Japan's Free Streaming Service","tver-plus-adding-playback-speed-and-pip-to-japans-free-streaming-service-3gp3","https://dev.to/ktg0215/tver-plus-adding-playback-speed-and-pip-to-japans-free-streaming-service-3gp3","2026-04-24T09:00:00.000Z","",20,0,0,4,{"total":20,"average_read_time_in_seconds":0,"total_read_time_in_seconds":0},{"total":0,"like":0,"readinglist":0,"unicorn":0,"exploding_head":0,"raised_hands":0,"fire":0,"unique_reactors":0},"","2026-07-06"
3519761,"I Built a Scroll Position Memory Extension That Actually Works on SPAs","i-built-a-scroll-position-memory-extension-that-actually-works-on-spas-3fjd","https://dev.to/ktg0215/i-built-a-scroll-position-memory-extension-that-actually-works-on-spas-3fjd","2026-04-22T15:16:02.347Z","",46,0,0,4,{"total":46,"average_read_time_in_seconds":335,"total_read_time_in_seconds":15410},{"total":0,"like":0,"readinglist":0,"unicorn":0,"exploding_head":0,"raised_hands":0,"fire":0,"unique_reactors":0},"google.fr(10), duckduckgo.com(10)","2026-07-06"
3315272,"I Built a Chrome Extension That Remembers Where You Stopped Reading","i-built-a-chrome-extension-that-remembers-where-you-stopped-reading-2k6o","https://dev.to/ktg0215/i-built-a-chrome-extension-that-remembers-where-you-stopped-reading-2k6o","2026-04-22T09:00:00.000Z","",22,0,0,3,{"total":22,"average_read_time_in_seconds":105,"total_read_time_in_seconds":2310},{"total":0,"like":0,"readinglist":0,"unicorn":0,"exploding_head":0,"raised_hands":0,"fire":0,"unique_reactors":0},"bing.com(1)","2026-07-06"
3519743,"Stop Copy-Pasting Between Web Forms. This Chrome Extension Automates Data Transfer.","i-built-a-chrome-extension-that-maps-and-transfers-data-between-web-pages-visually-afl","https://dev.to/ktg0215/i-built-a-chrome-extension-that-maps-and-transfers-data-between-web-pages-visually-afl","2026-04-20T15:16:38.886Z","",20,0,0,3,{"total":20,"average_read_time_in_seconds":0,"total_read_time_in_seconds":0},{"total":0,"like":0,"readinglist":0,"unicorn":0,"exploding_head":0,"raised_hands":0,"fire":0,"unique_reactors":0},"","2026-07-06"
3392099,"I Built a Chrome Extension That Transfers Data Between Web Pages Visually","how-to-copy-data-between-web-pages-no-code-chrome-extension-1j9a","https://dev.to/ktg0215/how-to-copy-data-between-web-pages-no-code-chrome-extension-1j9a","2026-04-20T00:00:00.000Z","",21,0,0,8,{"total":21,"average_read_time_in_seconds":15,"total_read_time_in_seconds":315},{"total":0,"like":0,"readinglist":0,"unicorn":0,"exploding_head":0,"raised_hands":0,"fire":0,"unique_reactors":0},"bsky.app(1)","2026-07-06"
3519753,"I Built a Font Inspector Chrome Extension That Actually Identifies Japanese Fonts","i-built-a-font-inspector-chrome-extension-that-actually-identifies-japanese-fonts-50bd","https://dev.to/ktg0215/i-built-a-font-inspector-chrome-extension-that-actually-identifies-japanese-fonts-50bd","2026-04-18T14:40:39.895Z","",52,0,0,4,{"total":52,"average_read_time_in_seconds":683,"total_read_time_in_seconds":35516},{"total":0,"like":0,"readinglist":0,"unicorn":0,"exploding_head":0,"raised_hands":0,"fire":0,"unique_reactors":0},"(32), google.com(20)","2026-07-06"
3392101,"I Built a Chrome Extension That Identifies Japanese Fonts on Any Web Page","how-to-identify-japanese-fonts-on-any-website-free-chrome-extension-1ck4","https://dev.to/_350df62777eb55e1/how-to-identify-japanese-fonts-on-any-website-free-chrome-extension-1ck4","2026-04-18T00:00:00.000Z","",0,0,0,9,{"total":0,"average_read_time_in_seconds":0,"total_read_time_in_seconds":0},{"total":0,"like":0,"readinglist":0,"unicorn":0,"exploding_head":0,"raised_hands":0,"fire":0,"unique_reactors":0},"","2026-07-06"
3507685,"How to Transfer Data Between Web Pages Without Copy-Paste ? Free Chrome Extension","i-built-a-chrome-extension-that-transfers-data-between-web-pages-visually-2pmp","https://dev.to/ktg0215/i-built-a-chrome-extension-that-transfers-data-between-web-pages-visually-2pmp","2026-04-16T01:31:56.054Z","",52,0,0,8,{"total":52,"average_read_time_in_seconds":23,"total_read_time_in_seconds":1196},{"total":0,"like":0,"readinglist":0,"unicorn":0,"exploding_head":0,"raised_hands":0,"fire":0,"unique_reactors":0},"(31), google.com(20), dev.to(1)","2026-07-06"
3392102,"Free Chrome Extension for SEO Analysis ? Page Score, Schema Detection and SERP Preview","best-free-on-page-seo-checker-for-chrome-one-click-analysis-3i10","https://dev.to/_350df62777eb55e1/best-free-on-page-seo-checker-for-chrome-one-click-analysis-3i10","2026-04-16T00:00:00.000Z","",0,0,0,9,{"total":0,"average_read_time_in_seconds":0,"total_read_time_in_seconds":0},{"total":0,"like":0,"readinglist":0,"unicorn":0,"exploding_head":0,"raised_hands":0,"fire":0,"unique_reactors":0},"","2026-07-06"
3392103,"How to Take Notes on Any Web Page Without Leaving It ? Free Chrome Extension","how-to-take-notes-on-any-web-page-free-chrome-extension-57am","https://dev.to/ktg0215/how-to-take-notes-on-any-web-page-free-chrome-extension-57am","2026-04-14T00:00:00.000Z","",0,0,0,1,{"total":0,"average_read_time_in_seconds":0,"total_read_time_in_seconds":0},{"total":0,"like":0,"readinglist":0,"unicorn":0,"exploding_head":0,"raised_hands":0,"fire":0,"unique_reactors":0},"","2026-07-06"
3392104,"How to Auto-Generate Step-by-Step Browser Guides ? Free Screenshot Extension","how-to-create-step-by-step-guides-automatically-free-chrome-extension-2mk2","https://dev.to/ktg0215/how-to-create-step-by-step-guides-automatically-free-chrome-extension-2mk2","2026-04-12T00:00:00.000Z","",10,0,0,9,{"total":10,"average_read_time_in_seconds":0,"total_read_time_in_seconds":0},{"total":0,"like":0,"readinglist":0,"unicorn":0,"exploding_head":0,"raised_hands":0,"fire":0,"unique_reactors":0},"","2026-07-06"
3392105,"Best Chrome Extension for Code Snippets ? VS Code-Style Snippet Manager","how-to-save-code-snippets-from-any-website-chrome-extension-3ddm","https://dev.to/ktg0215/how-to-save-code-snippets-from-any-website-chrome-extension-3ddm","2026-04-10T00:00:00.000Z","",10,0,0,7,{"total":10,"average_read_time_in_seconds":0,"total_read_time_in_seconds":0},{"total":0,"like":0,"readinglist":0,"unicorn":0,"exploding_head":0,"raised_hands":0,"fire":0,"unique_reactors":0},"","2026-07-06"
3392107,"Yahoo Japan's Homepage Is 70% Clickbait. This Chrome Extension Filters It.","i-built-a-chrome-extension-to-filter-low-quality-news-on-yahoo-japan-fdb","https://dev.to/ktg0215/i-built-a-chrome-extension-to-filter-low-quality-news-on-yahoo-japan-fdb","2026-04-08T10:00:56.865Z","",51,0,0,7,{"total":51,"average_read_time_in_seconds":15,"total_read_time_in_seconds":765},{"total":0,"like":0,"readinglist":0,"unicorn":0,"exploding_head":0,"raised_hands":0,"fire":0,"unique_reactors":0},"(51)","2026-07-06"
3392098,"How to Scrape Japan Real Estate Data with a Chrome Extension ? SUUMO Automation","scraping-japans-largest-real-estate-site-with-a-chrome-extension-building-an-automated-property-n8","https://dev.to/ktg0215/scraping-japans-largest-real-estate-site-with-a-chrome-extension-building-an-automated-property-n8","2026-04-07T09:59:23.597Z","",50,0,0,10,{"total":50,"average_read_time_in_seconds":0,"total_read_time_in_seconds":0},{"total":0,"like":0,"readinglist":0,"unicorn":0,"exploding_head":0,"raised_hands":0,"fire":0,"unique_reactors":0},"google.com(20), android.googlequicksearchbox(10)","2026-07-06"
3392106,"X's Algorithm Killed My Focus. Here's the Chrome Extension I Built to Fix It.","i-built-a-chrome-extension-to-remove-xtwitters-algorithmic-feed-and-reclaim-my-timeline-o2e","https://dev.to/ktg0215/i-built-a-chrome-extension-to-remove-xtwitters-algorithmic-feed-and-reclaim-my-timeline-o2e","2026-04-06T10:01:28.883Z","",20,0,0,10,{"total":20,"average_read_time_in_seconds":0,"total_read_time_in_seconds":0},{"total":0,"like":0,"readinglist":0,"unicorn":0,"exploding_head":0,"raised_hands":0,"fire":0,"unique_reactors":0},"(20)","2026-07-06"
3392093,"Best Chrome Extension for Retail Arbitrage ? Amazon vs Mercari Price Comparison","i-built-a-cross-platform-price-comparison-tool-for-retail-arbitrage-5fpc","https://dev.to/ktg0215/i-built-a-cross-platform-price-comparison-tool-for-retail-arbitrage-5fpc","2026-04-05T09:30:56.300Z","",77,0,0,10,{"total":77,"average_read_time_in_seconds":32,"total_read_time_in_seconds":2464},{"total":0,"like":0,"readinglist":0,"unicorn":0,"exploding_head":0,"raised_hands":0,"fire":0,"unique_reactors":0},"google.com(10), dev.to(1)","2026-07-06"
3392111,"How to Scrape Any Website to Google Sheets ? Free No-Code Chrome Extension","send-web-data-directly-to-google-sheets-no-code-no-python-no-importxml-29ed","https://dev.to/ktg0215/send-web-data-directly-to-google-sheets-no-code-no-python-no-importxml-29ed","2026-04-03T09:44:42.175Z","",20,0,0,7,{"total":20,"average_read_time_in_seconds":0,"total_read_time_in_seconds":0},{"total":0,"like":0,"readinglist":0,"unicorn":0,"exploding_head":0,"raised_hands":0,"fire":0,"unique_reactors":0},"threads.com(10)","2026-07-06"
3392112,"How to OCR Invoices for Free ? Chrome Extension with No Cloud Upload","i-built-a-free-invoice-ocr-chrome-extension-no-cloud-no-signup-3cii","https://dev.to/ktg0215/i-built-a-free-invoice-ocr-chrome-extension-no-cloud-no-signup-3cii","2026-04-01T10:00:08.325Z","",48,0,0,9,{"total":48,"average_read_time_in_seconds":246,"total_read_time_in_seconds":11808},{"total":0,"like":0,"readinglist":0,"unicorn":0,"exploding_head":0,"raised_hands":0,"fire":0,"unique_reactors":0},"dev.to(1), google.com(1)","2026-07-06"
3392116,"I Reply to 30 Emails a Day. Gmail Templates Cut the Time in Half.","i-built-a-gmail-template-extension-heres-what-i-learned-fighting-gmails-dom-4f0b","https://dev.to/ktg0215/i-built-a-gmail-template-extension-heres-what-i-learned-fighting-gmails-dom-4f0b","2026-03-30T10:08:29.293Z","",83,0,1,7,{"total":83,"average_read_time_in_seconds":75,"total_read_time_in_seconds":6225},{"total":0,"like":0,"readinglist":0,"unicorn":0,"exploding_head":0,"raised_hands":0,"fire":0,"unique_reactors":0},"(63), google.com(20)","2026-07-06"
3392110,"Best Cookie Editor for Chrome in 2026 ? EditThisCookie Alternative","editthiscookie-got-removed-so-i-built-a-modern-cookie-editor-for-chrome-1kjj","https://dev.to/ktg0215/editthiscookie-got-removed-so-i-built-a-modern-cookie-editor-for-chrome-1kjj","2026-03-28T09:28:17.142Z","",94,1,0,7,{"total":94,"average_read_time_in_seconds":19,"total_read_time_in_seconds":1786},{"total":1,"like":1,"readinglist":0,"unicorn":0,"exploding_head":0,"raised_hands":0,"fire":0,"unique_reactors":1},"(53), duckduckgo.com(20), google.com(20), dev.to(1)","2026-07-06"
3392118,"How to Add Reader Mode to Chrome — Free Distraction-Free Extension","i-built-a-reader-mode-extension-for-chrome-because-it-still-doesnt-have-one-5eg8","https://dev.to/_350df62777eb55e1/i-built-a-reader-mode-extension-for-chrome-because-it-still-doesnt-have-one-5eg8","2026-03-26T01:59:23.726Z","",86,0,0,8,{"total":86,"average_read_time_in_seconds":70,"total_read_time_in_seconds":6020},{"total":0,"like":0,"readinglist":0,"unicorn":0,"exploding_head":0,"raised_hands":0,"fire":0,"unique_reactors":0},"(64), google.com(11), duckduckgo.com(10), dev.to(1)","2026-07-06"
3355268,"DataPick: Click-to-Extract Web Data Without Writing Scraper Code","datapick-click-to-extract-web-data-without-writing-scraper-code-4p5i","https://dev.to/ktg0215/datapick-click-to-extract-web-data-without-writing-scraper-code-4p5i","2026-03-15T15:37:17.737Z","",12,0,0,1,{"total":12,"average_read_time_in_seconds":15,"total_read_time_in_seconds":180},{"total":0,"like":0,"readinglist":0,"unicorn":0,"exploding_head":0,"raised_hands":0,"fire":0,"unique_reactors":0},"dev.to(2)","2026-07-06"
3315266,"DataPick: Click-to-Extract Web Data Without Writing Scraper Code","datapick-click-to-extract-web-data-without-writing-scraper-code-4pmj","https://dev.to/ktg0215/datapick-click-to-extract-web-data-without-writing-scraper-code-4pmj","2026-03-15T15:34:31.843Z","",2,0,0,1,{"total":2,"average_read_time_in_seconds":15,"total_read_time_in_seconds":30},{"total":0,"like":0,"readinglist":0,"unicorn":0,"exploding_head":0,"raised_hands":0,"fire":0,"unique_reactors":0},"dev.to(2)","2026-07-06"
3315269,"Rakuten Sellers: A Research Tool for Japan's Second-Largest E-Commerce Platform","rakuten-sellers-a-research-tool-for-japans-second-largest-e-commerce-platform-30m3","https://dev.to/ktg0215/rakuten-sellers-a-research-tool-for-japans-second-largest-e-commerce-platform-30m3","2026-03-15T15:29:41.898Z","",3,0,0,1,{"total":3,"average_read_time_in_seconds":15,"total_read_time_in_seconds":45},{"total":0,"like":0,"readinglist":0,"unicorn":0,"exploding_head":0,"raised_hands":0,"fire":0,"unique_reactors":0},"dev.to(2)","2026-07-06"
3315268,"PromptStash: Save and Reuse Your AI Prompts Across Every Chat Interface","promptstash-save-and-reuse-your-ai-prompts-across-every-chat-interface-pfa","https://dev.to/ktg0215/promptstash-save-and-reuse-your-ai-prompts-across-every-chat-interface-pfa","2026-03-09T01:17:45.866Z","",19,1,2,2,{"total":19,"average_read_time_in_seconds":28,"total_read_time_in_seconds":532},{"total":2,"like":1,"readinglist":1,"unicorn":0,"exploding_head":0,"raised_hands":0,"fire":0,"unique_reactors":2},"dev.to(4)","2026-07-06"
3315264,"How to Remove YouTube Shorts from Your Feed ? Free Chrome Extension","shortskiller-how-i-built-a-chrome-extension-to-remove-youtube-shorts-from-my-browser-bbc","https://dev.to/ktg0215/shortskiller-how-i-built-a-chrome-extension-to-remove-youtube-shorts-from-my-browser-bbc","2026-03-08T16:01:36.095Z","",12,0,0,2,{"total":12,"average_read_time_in_seconds":15,"total_read_time_in_seconds":180},{"total":0,"like":0,"readinglist":0,"unicorn":0,"exploding_head":0,"raised_hands":0,"fire":0,"unique_reactors":0},"dev.to(1)","2026-07-06"
3248432,"Solo Chrome Extension Development: Why I Ship Often Over Perfectly","as-a-solo-developer-im-choosing-quantity-over-quality-heres-why-4i75","https://dev.to/ktg0215/as-a-solo-developer-im-choosing-quantity-over-quality-heres-why-4i75","2026-03-05T03:10:17.718Z","",13,0,0,1,{"total":13,"average_read_time_in_seconds":50,"total_read_time_in_seconds":650},{"total":0,"like":0,"readinglist":0,"unicorn":0,"exploding_head":0,"raised_hands":0,"fire":0,"unique_reactors":0},"dev.to(2)","2026-07-06"
3248444,"Are Indie Dev Ideas Running Out? Surviving in a Market Full of Competitors","are-indie-dev-ideas-running-out-surviving-in-a-market-full-of-competitors-4p6b","https://dev.to/ktg0215/are-indie-dev-ideas-running-out-surviving-in-a-market-full-of-competitors-4p6b","2026-03-05T03:09:53.692Z","",57,2,0,1,{"total":57,"average_read_time_in_seconds":89,"total_read_time_in_seconds":5073},{"total":2,"like":1,"readinglist":0,"unicorn":0,"exploding_head":0,"raised_hands":1,"fire":0,"unique_reactors":1},"(42), duckduckgo.com(10), dev.to(5)","2026-07-06"
3248443,"When Anyone Can Build Software, What's the Point of Being an Indie Developer?","when-anyone-can-build-software-whats-the-point-of-being-an-indie-developer-24ig","https://dev.to/ktg0215/when-anyone-can-build-software-whats-the-point-of-being-an-indie-developer-24ig","2026-03-05T03:09:17.362Z","",23,1,0,1,{"total":23,"average_read_time_in_seconds":145,"total_read_time_in_seconds":3335},{"total":1,"like":0,"readinglist":0,"unicorn":0,"exploding_head":0,"raised_hands":1,"fire":0,"unique_reactors":1},"dev.to(6)","2026-07-06"
3281815,"I Built 17 Chrome Extensions as a Solo Developer — Here's What I Learned","i-built-17-chrome-extensions-as-a-solo-developer-heres-what-i-learned-22h0","https://dev.to/ktg0215/i-built-17-chrome-extensions-as-a-solo-developer-heres-what-i-learned-22h0","2026-02-24T16:43:13.594Z","",200,1,0,6,{"total":200,"average_read_time_in_seconds":492,"total_read_time_in_seconds":98400},{"total":1,"like":0,"readinglist":0,"unicorn":0,"exploding_head":0,"raised_hands":0,"fire":1,"unique_reactors":1},"(165), google.com(11), claude.ai(10), bing.com(10), dev.to(4)","2026-07-06"
3248446,"Automate Your Release Announcements: GitHub Release 4 Social Platforms with n8n","automate-your-release-announcements-github-release-4-social-platforms-with-n8n-1okd","https://dev.to/ktg0215/automate-your-release-announcements-github-release-4-social-platforms-with-n8n-1okd","2026-02-18T17:06:18.186Z","",33,0,0,1,{"total":33,"average_read_time_in_seconds":15,"total_read_time_in_seconds":495},{"total":0,"like":0,"readinglist":0,"unicorn":0,"exploding_head":0,"raised_hands":0,"fire":0,"unique_reactors":0},"dev.to(2)","2026-07-06"
3248457,"I Built a Chrome Extension That Remembers Where You Stopped Reading on Any Web Page","i-built-a-chrome-extension-that-remembers-where-you-stopped-reading-on-any-web-page-4ja3","https://dev.to/ktg0215/i-built-a-chrome-extension-that-remembers-where-you-stopped-reading-on-any-web-page-4ja3","2026-02-18T17:05:51.568Z","",72,0,0,1,{"total":72,"average_read_time_in_seconds":15,"total_read_time_in_seconds":1080},{"total":0,"like":0,"readinglist":0,"unicorn":0,"exploding_head":0,"raised_hands":0,"fire":0,"unique_reactors":0},"dev.to(2)","2026-07-06"
3248452,"I Built a No-Code Web Scraping Chrome Extension — Click to Extract Data","i-built-a-no-code-web-scraping-chrome-extension-click-to-extract-data-42lc","https://dev.to/ktg0215/i-built-a-no-code-web-scraping-chrome-extension-click-to-extract-data-42lc","2026-02-17T15:14:54.450Z","",5,0,0,1,{"total":5,"average_read_time_in_seconds":15,"total_read_time_in_seconds":75},{"total":0,"like":0,"readinglist":0,"unicorn":0,"exploding_head":0,"raised_hands":0,"fire":0,"unique_reactors":0},"dev.to(5)","2026-07-06"
3248447,"YouTube Shorts Were Stealing My Time, So I Built a Chrome Extension to Kill Them","youtube-shorts-were-stealing-my-time-so-i-built-a-chrome-extension-to-kill-them-10f4","https://dev.to/ktg0215/youtube-shorts-were-stealing-my-time-so-i-built-a-chrome-extension-to-kill-them-10f4","2026-02-16T15:52:19.985Z","",28,0,0,1,{"total":28,"average_read_time_in_seconds":21,"total_read_time_in_seconds":588},{"total":0,"like":0,"readinglist":0,"unicorn":0,"exploding_head":0,"raised_hands":0,"fire":0,"unique_reactors":0},"dev.to(6)","2026-07-06"
3248436,"The Indie Developer's Marketing Problem Nobody Talks About — You Can't Analyze Zero","the-indie-developers-marketing-problem-nobody-talks-about-you-cant-analyze-zero-19b4","https://dev.to/ktg0215/the-indie-developers-marketing-problem-nobody-talks-about-you-cant-analyze-zero-19b4","2026-02-16T15:51:49.136Z","",15,0,0,1,{"total":15,"average_read_time_in_seconds":15,"total_read_time_in_seconds":225},{"total":0,"like":0,"readinglist":0,"unicorn":0,"exploding_head":0,"raised_hands":0,"fire":0,"unique_reactors":0},"dev.to(5)","2026-07-06"
3248431,"I Can't Code, But I Built 6 Chrome Extensions in a Week Using AI — Here's My Exact Workflow","i-cant-code-but-i-built-6-chrome-extensions-in-a-week-using-ai-heres-my-exact-workflow-1ok4","https://dev.to/ktg0215/i-cant-code-but-i-built-6-chrome-extensions-in-a-week-using-ai-heres-my-exact-workflow-1ok4","2026-02-12T16:17:54.814Z","",3,0,0,2,{"total":3,"average_read_time_in_seconds":15,"total_read_time_in_seconds":45},{"total":0,"like":0,"readinglist":0,"unicorn":0,"exploding_head":0,"raised_hands":0,"fire":0,"unique_reactors":0},"dev.to(3)","2026-07-06"
3248429,"I Started Indie Development with AI — Building Was Easy, Selling Was 100x Harder","i-started-indie-development-with-ai-building-was-easy-selling-was-100x-harder-42kg","https://dev.to/ktg0215/i-started-indie-development-with-ai-building-was-easy-selling-was-100x-harder-42kg","2026-02-12T01:51:02.182Z","",181,0,1,3,{"total":181,"average_read_time_in_seconds":50,"total_read_time_in_seconds":9050},{"total":0,"like":0,"readinglist":0,"unicorn":0,"exploding_head":0,"raised_hands":0,"fire":0,"unique_reactors":0},"google.com(50), brave.com(10), dev.to(5), chatgpt.com(1)","2026-07-06"